first_name,app_name,boolean,city
Nicolina,Aerified,true,Krajan Timur Mlokorejo
Dionne,Treeflex,true,Cibeuti
Darcey,Zoolab,false,Liudaogou
Feliks,Mat Lam Tam,false,Carrascal
Geri,Fix San,true,Datarkadu
Tish,It,true,Fox Creek
Roselle,Otcom,false,Tekeli
Carolyn,Trippledex,false,Mullsjö
Borden,Span,true,Dongpu
Esta,Span,true,Swedru
Teresina,Lotlux,true,Žalec
Kinnie,Job,true,Marseille
Noland,Zamit,false,Jingyang
Peggy,Fixflex,true,Suzdal’
Jerad,Transcof,true,Colonia Minga Porá
Sharron,Cardify,false,Oymak
Solomon,Daltfresh,false,Shchëkino
Kean,Home Ing,true,Makoko
Lucio,Latlux,false,Dalianwan
Joby,Viva,false,Takahama
Madalena,Wrapsafe,true,San Miguel
Reggis,Voltsillam,true,Pocsi
Gavan,Viva,true,Niterói
Oriana,Overhold,false,Bořetice
Stephannie,Bitwolf,true,Cruz Alta
Mela,Y-find,false,Novovasylivka
Pauli,Sonair,true,Pescara
Margit,Subin,false,Congkar
Luciano,Job,true,Dongguan
Thomas,Fix San,true,Bijeli
Kelsy,Andalax,true,Panjerrejo
Jermaine,Cardify,true,Kunshan
Evvie,Bamity,true,Arevashogh
Nathaniel,Solarbreeze,false,Jinji
Gail,Zamit,false,Ardee
Sheila,Redhold,true,Ekazhevo
Cordie,Trippledex,false,Mîndreşti
Sunny,Bytecard,false,Duyanggang
Merv,Zathin,true,Orito
Meredithe,Stim,false,Dolega District
Marcello,Viva,true,Fubei
Ericha,Ventosanzap,true,Lecherías
Caritta,Konklux,false,Camatagua
Courtnay,Tempsoft,true,Taipingxu
Artemus,Bitwolf,false,Ndungu
Tannie,Zathin,true,Anjiang
Peter,Namfix,true,Mateur
Ranna,Lotlux,false,Nangger
Luke,Flexidy,false,San Rafael
Britte,Pannier,true,Novi Sad
Derry,Opela,false,Langpas
Viki,Voyatouch,true,Bangangté
Jessamine,Zamit,false,San Francisco
Kaela,Fintone,false,Al Muharraq
Karlene,Konklux,false,Pleven
Verney,Y-find,false,Imperatriz
Diandra,Cookley,false,Nekhayevskiy
Dew,Job,false,Sidaurip
Maudie,Bitchip,false,Tai’an
Birch,Home Ing,false,Khlong Khuean
Miranda,Alpha,true,Votuporanga
Crystie,Opela,true,Sydney
Nicol,Matsoft,true,Khāngāh Dogrān
Westbrook,Andalax,false,Muro
Mindy,Voyatouch,true,Lanas
Lianna,Zathin,false,Qiaosi
Lavena,Ventosanzap,true,Bratislava
Leif,Fixflex,true,Amadeo
Cristie,Flexidy,true,Colorado Springs
Vinni,Rank,true,San Antonio Suchitepéquez
Ninon,Y-Solowarm,true,Jiangchi
Lauraine,Veribet,true,Pýli
Tonie,Latlux,true,Brijest
Bobine,Pannier,false,Shardara
Oren,Y-Solowarm,false,Sungai Raya
Anissa,Matsoft,true,Nový Bor
Bobbye,Regrant,false,Van Nuys
Margi,Stronghold,true,Kizhinga
Carolynn,Bitchip,false,Ferreñafe
Piggy,Cardify,true,Pavia
Birdie,Cardguard,true,Nanzhai
Anthia,Wrapsafe,true,Sémbé
Augusta,Prodder,false,Nanyanchuan
Elenore,Quo Lux,false,Huajialing
Tybie,Zontrax,false,Erími
Eleanora,Alpha,false,Banjar Sedang
Maddi,Voyatouch,false,Toshbuloq
Mufi,Zathin,true,Aubenas
Paola,Voyatouch,true,Kaberamaido
Leonie,Transcof,true,El Espino
Marianna,Cardify,false,Vaxholm
Jareb,Keylex,false,Elói Mendes
Brook,Tempsoft,true,Ringinrejo
Gregory,Temp,false,Aūa
Iggie,Veribet,true,Lizi
Avril,Zaam-Dox,true,Randudongkal
Karyn,Greenlam,true,Conceição da Feira
Wally,Fintone,true,Wenfang
Barbie,Holdlamis,false,Requião
Reilly,Veribet,false,Totoras
